--:on error exit  -- only works on sqlcmd
SET ANSI_NULLS ON
GO

--SET QUOTED_IDENTIFIER ON
--GO
SET nocount ON  -- DONT PRINT RESULT eg: (1 rows affected)

-- sqlcmd -U sa -P belang -Q "drop table dept,area,comment,users,region,tag,ehs_ass,priority,orders,log"
-- sqlcmd -U sa -P belang -Q "select name from sys.tables"

--DECLARE @HAS_ERROR BIT
if object_id('tempdb..#test') is not null
begin
  drop table #test
end

create table #test (hasError bit)
insert #test values (0)

IF EXISTS(SELECT name FROM sys.databases where name='RO')
DROP DATABASE RO
GO

PRINT 'CREATE DATABASE RO'
CREATE DATABASE RO
GO
USE RO
GO

BEGIN transaction;
IF (@@ERROR = 0) BEGIN
PRINT 'Start Copy..'

PRINT 'CREATE TABLE "users"'
CREATE TABLE [dbo].[users](
	[id] [int] IDENTITY(1,1) NOT NULL,
	[username] [nvarchar](255) NOT NULL,
	[fullname] [nvarchar](255) NULL,
	[email] [nvarchar](255) NULL,
	[dept_id] [int] NOT NULL,
	[status] [smallint] NOT NULL DEFAULT ((1)),
	[role] [int] NOT NULL DEFAULT ((3)),
	[spv] [nvarchar](255) NOT NULL,
	[signature] [nvarchar](50) NULL,
	[priv] [nvarchar](255) NULL,
	[created_at] [int] NOT NULL,
	[updated_at] [int] NULL,
	[last_loged] [int] NULL,
	[auth_key] [nvarchar](50) NULL,
	[password_hash] [nvarchar](255) NULL,
	[access_token] [nvarchar](255) NULL,
	[password_reset_token] [nvarchar](255) NULL,
 CONSTRAINT [PK_users_id] PRIMARY KEY CLUSTERED
(
	[id] ASC
)WITH (PAD_INDEX  = OFF, STATISTICS_NORECOMPUTE  = OFF, IGNORE_DUP_KEY = OFF, ALLOW_ROW_LOCKS  = ON, ALLOW_PAGE_LOCKS  = ON) ON [PRIMARY]
) ON [PRIMARY]
END
GO

--print @@ERROR
IF (@@ERROR != 0)
  update #test set hasError=1
ELSE
BEGIN
PRINT 'CREATE TABLE "dept"'
CREATE TABLE [dbo].[dept](
	[id] [int] IDENTITY(1,1) NOT NULL,
	[code] [nvarchar](50) NULL,
	[label] [nvarchar](50) NOT NULL,
 CONSTRAINT [PK_dept_id] PRIMARY KEY CLUSTERED
(
	[id] ASC
)WITH (PAD_INDEX  = OFF, STATISTICS_NORECOMPUTE  = OFF, IGNORE_DUP_KEY = OFF, ALLOW_ROW_LOCKS  = ON, ALLOW_PAGE_LOCKS  = ON) ON [PRIMARY]
) ON [PRIMARY]
END
GO

IF (@@ERROR != 0)
  update #test set hasError=1
ELSE
BEGIN
PRINT 'CREATE TABLE "area"'
CREATE TABLE [dbo].[area](
	[id] [int] IDENTITY(1,1) NOT NULL,
	[label_a] [nvarchar](255) NOT NULL,
 CONSTRAINT [PK_area_id] PRIMARY KEY CLUSTERED
(
[id] ASC
)WITH (PAD_INDEX  = OFF, STATISTICS_NORECOMPUTE  = OFF, IGNORE_DUP_KEY = OFF, ALLOW_ROW_LOCKS  = ON, ALLOW_PAGE_LOCKS  = ON) ON [PRIMARY]
) ON [PRIMARY]
END
GO

IF (@@ERROR != 0)
  update #test set hasError=1
ELSE
BEGIN
PRINT 'CREATE TABLE "tag"'
CREATE TABLE [dbo].[tag](
	[id] [int] IDENTITY(1,1) NOT NULL,
	[area_id] [int] NULL,
	[tagnum] [nvarchar](150) NOT NULL,
	[desct] [nvarchar](255) NOT NULL,
 CONSTRAINT [PK_tag_id] PRIMARY KEY CLUSTERED
(
	[id] ASC
)WITH (PAD_INDEX  = OFF, STATISTICS_NORECOMPUTE  = OFF, IGNORE_DUP_KEY = OFF, ALLOW_ROW_LOCKS  = ON, ALLOW_PAGE_LOCKS  = ON) ON [PRIMARY]
) ON [PRIMARY]
END
GO

IF (@@ERROR != 0)
  update #test set hasError=1
ELSE
BEGIN
PRINT 'CREATE TABLE "region"'
CREATE TABLE [dbo].[region](
	[id] [int] IDENTITY(1,1) NOT NULL,
	[dept_id] [int] NOT NULL DEFAULT ((1)),
	[nama] [nvarchar](100) NOT NULL,
 CONSTRAINT [PK_region_id] PRIMARY KEY CLUSTERED
(
	[id] ASC
)WITH (PAD_INDEX  = OFF, STATISTICS_NORECOMPUTE  = OFF, IGNORE_DUP_KEY = OFF, ALLOW_ROW_LOCKS  = ON, ALLOW_PAGE_LOCKS  = ON) ON [PRIMARY]
) ON [PRIMARY]
END
GO

IF (@@ERROR != 0)
  update #test set hasError=1
ELSE
BEGIN
PRINT 'CREATE TABLE "ehs_ass"'
CREATE TABLE [ehs_ass]([id] [int] IDENTITY(1,1) NOT NULL,[label] [nvarchar](100) NOT NULL, PRIMARY KEY (id))
END
GO

IF (@@ERROR != 0)
  update #test set hasError=1
ELSE
BEGIN
PRINT 'CREATE TABLE "priority"'
CREATE TABLE [priority]([id] [int] IDENTITY(1,1) NOT NULL, [label] [nvarchar](100) NOT NULL, PRIMARY KEY (id))
END
GO

IF (@@ERROR != 0)
  update #test set hasError=1
ELSE
BEGIN
PRINT 'CREATE TABLE "orders"'
CREATE TABLE [dbo].[orders](
	[id] [nvarchar](12) NOT NULL,
	[assign_to] [int] NOT NULL,
	[region_id] [int] NOT NULL,
	[initiator_id] [int] NOT NULL,
	[dept_id] [int] NOT NULL,
	[tag_num] [nvarchar](100) NOT NULL,
	[item_desc] [nvarchar](255) NOT NULL,
	[area] [nvarchar](255) NOT NULL,
	[priority] [smallint] NOT NULL,
	[status] [smallint] NOT NULL,
	[title] [nvarchar](255) NOT NULL,
	[detail_desc] [nvarchar](max) NULL,
	[ehs_assest] [nvarchar](255) NULL,
	[ehs_hazard] [nvarchar](20) NULL,
	[ehs_hazard_risk] [nvarchar](max) NULL,
	[replacement] [nvarchar](max) NULL,
	[create_at] [smalldatetime] NOT NULL,
	[update_at] [smalldatetime] NOT NULL,
	[complete_at] [smalldatetime] NULL,
 CONSTRAINT [PK_orders_id] PRIMARY KEY CLUSTERED
(
	[id] ASC
)WITH (PAD_INDEX  = OFF, STATISTICS_NORECOMPUTE  = OFF, IGNORE_DUP_KEY = OFF, ALLOW_ROW_LOCKS  = ON, ALLOW_PAGE_LOCKS  = ON) ON [PRIMARY]
) ON [PRIMARY]
END
GO

IF (@@ERROR != 0)
  update #test set hasError=1
ELSE
BEGIN
PRINT 'CREATE TABLE "comment"'
CREATE TABLE [dbo].[comment](
	[id] [int] IDENTITY(1,1) NOT NULL,
	[user_id] [int] NOT NULL,
	[order_id] [nvarchar](12) NOT NULL,
	[comment] [nvarchar](max) NULL,
	[time] [int] NOT NULL,
 CONSTRAINT [PK_comment_id] PRIMARY KEY CLUSTERED
(
	[id] ASC
)WITH (PAD_INDEX  = OFF, STATISTICS_NORECOMPUTE  = OFF, IGNORE_DUP_KEY = OFF, ALLOW_ROW_LOCKS  = ON, ALLOW_PAGE_LOCKS  = ON) ON [PRIMARY]
) ON [PRIMARY]
END
GO

IF (@@ERROR != 0)
  update #test set hasError=1
ELSE
BEGIN
PRINT 'CREATE TABLE "log"'
CREATE TABLE [dbo].[log](
	[id] [int] IDENTITY(1,1) NOT NULL,
	[date] [smalldatetime] NOT NULL,
	[userid] [int] NULL,
	[event] [nvarchar](255) NOT NULL,
 CONSTRAINT [PK_log_id] PRIMARY KEY CLUSTERED
(
	[id] ASC
)WITH (PAD_INDEX  = OFF, STATISTICS_NORECOMPUTE  = OFF, IGNORE_DUP_KEY = OFF, ALLOW_ROW_LOCKS  = ON, ALLOW_PAGE_LOCKS  = ON) ON [PRIMARY]
) ON [PRIMARY]
END
GO

SET nocount OFF
GO

IF (@@ERROR != 0)
  update #test set hasError=1
ELSE
BEGIN
PRINT ''
PRINT 'START COPY DATA..'
PRINT 'INSERT INTO TABLE "users"'
SET IDENTITY_INSERT [dbo].[users] ON
INSERT [dbo].[users] ([id], [username], [fullname], [email], [dept_id], [status], [role], [spv], [signature], [priv], [created_at], [updated_at], [last_loged], [auth_key], [password_hash], [access_token], [password_reset_token]) VALUES (1, N'admin', N'Admin User', N'anthon.awan@gmail.com', 1, 1, 1, N'1', N'0', N'', 1625132687, 1637316909, 1638246174, N'o_vQHseuaqDp6j3g31mQz_NMvJO3kFfJ', N'$2y$13$e8gIxO2RHl.UFFWnhrTwd.Upuw8xaflr7xv/9UtX6tCjYVwB5opiK', N'_e7cWKC1w7eHVUyjgN6Nr17zyCj8-RnI_admin', NULL)
SET IDENTITY_INSERT [dbo].[users] OFF
END
GO

IF (@@ERROR != 0)
  update #test set hasError=1
ELSE
BEGIN
PRINT 'INSERT INTO TABLE "dept"'
SET IDENTITY_INSERT [dbo].[dept] ON
INSERT [dbo].[dept] ([id], [code], [label]) VALUES
(1, N'eng', N'Engineering')
,(2, N'prod', N'Production')
,(3, N'wh', N'Warehouse')
,(4, N'qo', N'Quality Operation')
,(5, N'qa', N'Quality Assurance')
SET IDENTITY_INSERT [dbo].[dept] OFF
END
GO

IF (@@ERROR != 0)
  update #test set hasError=1
ELSE
BEGIN
PRINT 'INSERT INTO TABLE "region"'
SET IDENTITY_INSERT [dbo].[region] ON
INSERT [dbo].[region] ([id], [dept_id], [nama]) VALUES
(1, 1, N'Maintenace')
,(2, 1, N'Utility')
,(3, 1, N'Calibration')
,(4, 1, N'Automation')
,(5, 1, N'Facility')
,(6, 1, N'EHS')
,(7, 1, N'Other')
SET IDENTITY_INSERT [dbo].[region] OFF
END
GO

IF (@@ERROR != 0)
  update #test set hasError=1
ELSE
BEGIN
PRINT 'INSERT INTO TABLE "priority"'
SET IDENTITY_INSERT [priority] ON ;
INSERT INTO [priority] (id, label) VALUES (1, 'Breakdown'), (2, 'Pro Aktif Maintenance'), (3, 'TPM'), (4, 'Other')
SET IDENTITY_INSERT [priority] OFF ;
END
GO

IF (@@ERROR != 0)
  update #test set hasError=1
ELSE
BEGIN
PRINT 'INSERT INTO TABLE "ehs_ass"'
SET IDENTITY_INSERT [ehs_ass] ON ;
INSERT INTO [ehs_ass] (id, label) VALUES (1, 'Ergonomic / Manual Handling'), (2, 'Penyimpanan & Material Safety'), (3, 'High Hazard Work'), (4, 'Working Equipment'), (5, 'Kesehatan'), (6, 'Occupational Hygiene'), (7, 'Environmental'), (8, 'Safe Workplace'), (9, 'Bahaya Listrik'), (10, 'APD dan Penandaan'), (11, 'Fire and Life Safety'), (12, 'Other')
SET IDENTITY_INSERT [ehs_ass] OFF ;
END
GO

IF (@@ERROR != 0)
  update #test set hasError=1
ELSE
BEGIN
PRINT 'INSERT INTO TABLE "area"'
SET IDENTITY_INSERT [dbo].[area] ON
INSERT [dbo].[area] ([id], [label_a]) VALUES
(1, N'AHU 03')
,(2, N'AHU 09')
,(3, N'AHU 14')
,(4, N'AHU 14A')
,(5, N'AHU 14B')
,(6, N'AHU 15')
,(7, N'AHU 16')
,(8, N'AHU 17')
,(9, N'AHU 18')
,(10, N'AHU 20')
,(11, N'AHU 21')
,(12, N'AHU 24.1')
,(13, N'AHU 24.2')
,(14, N'AHU 25')
,(15, N'AHU 26')
,(16, N'AHU 27')
,(17, N'AHU 28')
,(18, N'AHU 304')
,(19, N'AHU 305')
,(20, N'AHU 9')
,(21, N'AHU 9.2')
,(22, N'AHU 9.3&9.4')
,(23, N'AHU 9.4')
,(24, N'Airlock')
,(25, N'Biologycal Safety Cabinet')
,(26, N'Cimanggis')
,(27, N'Coldbox GD05')
,(28, N'Combantrin Area')
,(29, N'Cooling Stg')
,(30, N'Corridor')
,(31, N'Female Access Area')
,(32, N'Filtration')
,(33, N'Generator')
,(34, N'Gowning')
,(35, N'Isolator')
,(36, N'Janitor Storage')
,(37, N'Kalibrasi')
,(38, N'Kontainer')
,(39, N'Lab. Kalibrasi')
,(40, N'LAF EQU 4')
,(41, N'Laundry')
,(42, N'Lytzen')
,(43, N'Male Access Area')
,(44, N'Mezanine')
,(45, N'Mezzanine')
,(46, N'Micro Lab.')
,(47, N'Mobile')
,(48, N'Ointment')
,(49, N'Other Coump')
,(50, N'Other Liq Fill')
,(51, N'Outside')
,(53, N'Packaging')
,(54, N'Process Oint')
,(55, N'Production')
,(56, N'R-102')
,(57, N'R-103')
,(58, N'R-108')
,(59, N'R-109')
,(60, N'R-110')
,(61, N'R-1100')
,(62, N'R-112')
,(63, N'R-114')
,(64, N'R-1200')
,(65, N'R-123')
,(66, N'R-1300')
,(67, N'R-133')
,(68, N'R-134')
,(69, N'R-135')
,(70, N'R-135 A')
,(71, N'R-135A')
,(72, N'R-136')
,(73, N'R-137')
,(74, N'R-139')
,(75, N'R-140')
,(76, N'R-1400')
,(77, N'R-141')
,(78, N'R-142')
,(79, N'R-143')
,(80, N'R-144A')
,(81, N'R-144B')
,(82, N'R-145')
,(83, N'R-1500')
,(84, N'R-151')
,(85, N'R-152')
,(86, N'R-153')
,(87, N'R-154')
,(88, N'R-155')
,(89, N'R-156')
,(90, N'R-157')
,(91, N'R-158')
,(92, N'R-160')
,(93, N'R-1600')
,(94, N'R-162')
,(95, N'R-163')
,(96, N'R-164')
,(97, N'R-165')
,(98, N'R-166')
,(99, N'R-167')
,(100, N'R-168')
,(101, N'R-1700')
,(102, N'R-182')
,(103, N'R-183')
,(104, N'R-185')
,(105, N'R-190')
,(106, N'R-191')
,(107, N'R-192')
,(108, N'R-193')
,(109, N'R-203')
,(110, N'R-204')
,(111, N'R-209')
,(112, N'R-210')
,(113, N'R-212')
,(114, N'R-213')
,(115, N'R-217')
,(116, N'R-251')
,(117, N'R-253')
,(118, N'R-256')
,(119, N'R-257')
,(120, N'R-258')
,(121, N'R-259')
,(122, N'R-301')
,(123, N'R-302')
,(124, N'R-304')
,(125, N'R-305')
,(126, N'R-306')
,(127, N'R-307')
,(128, N'R-308')
,(129, N'R-309')
,(130, N'R-310')
,(131, N'R-311')
,(132, N'R-312')
,(133, N'R-313')
,(134, N'R-314')
,(135, N'R-316')
,(136, N'R-317')
,(137, N'R-318')
,(138, N'R-319')
,(139, N'R-321')
,(140, N'R-323')
,(141, N'R-324')
,(142, N'R-328')
,(143, N'R-332')
,(144, N'R-334')
,(145, N'R-5100')
,(146, N'R-5200')
,(147, N'R-5300')
,(148, N'R-5400')
,(149, N'R-5Q001')
,(150, N'R-5Q002')
,(151, N'R-Genset')
,(152, N'R-Stability')
,(153, N'Raw Goods Warehouse')
,(154, N'Sampling booth')
,(155, N'Storage Cold Box')
,(156, N'Storage Coldbox')
,(157, N'Truck Box')
,(158, N'Uniform')
,(159, N'Utilities Area')
,(160, N'Utility')
,(161, N'Utility Area')
,(162, N'Utility Control Room')
,(163, N'UV')
,(164, N'Visine Coump')
,(165, N'Visine Liq')
,(166, N'Ware house')
,(167, N'Warehouse')
,(168, N'Washing Str');
SET IDENTITY_INSERT [dbo].[area] OFF
END
GO

IF (@@ERROR != 0)
  update #test set hasError=1
ELSE
BEGIN
PRINT 'INSERT INTO TABLE "tag"'
SET IDENTITY_INSERT [dbo].[tag] ON
INSERT [dbo].[tag] ([id], [area_id], [tagnum], [desct]) VALUES
(1, 84, N'BR-21-15101', N'Balance Indicator')
,(2, 84, N'BR-21-15102', N'Balance Indicator')
,(3, 87, N'BR-21-15401', N'Balance Indicator')
,(4, 137, N'BR-21-15501', N'Balance Indicator')
,(5, 97, N'BR-21-15502', N'Balance Indicator')
,(6, 140, N'BR-21-15503', N'Balance Indicator')
,(7, 86, N'BR-21-16501', N'Balance Indicator')
,(8, 88, N'BR-21-16502', N'Balance Indicator')
,(9, 86, N'BR-21-31601', N'Balance Indicator')
,(10, 60, N'BR-22-11001', N'Balance Indicator')
,(11, 60, N'BR-22-11002', N'Balance Indicator')
,(12, 60, N'BR-22-11005', N'Balance Indicator')
,(13, 60, N'BR-22-11006', N'Check Weigher')
,(14, 60, N'BR-22-11008', N'Balance Indicator')
,(15, 60, N'BR-22-11010', N'Balance Indicator')
,(16, 60, N'BR-22-11011', N'Balance Readout')
,(17, 60, N'BR-22-11012', N'Balance Indicator')
,(18, 60, N'BR-22-11013', N'Balance Indicator')
,(19, 60, N'BR-22-11014', N'Balance Indicator')
,(20, 60, N'BR-22-11015', N'Check Weigher')
,(21, 60, N'BR-22-11016', N'Balance')
,(22, 79, N'BR-25-14302', N'Balance Indicator')
,(23, 66, N'BR-32-11201', N'Balance Indicator')
,(24, 60, N'BR-33-10302', N'Balance Indicator')
,(25, 57, N'BR-33-10306', N'Balance Indicator')
,(26, 139, N'BR-33-10307', N'Balance Indicator')
,(27, 67, N'BR-33-10308', N'Balance Indicator')
,(28, 67, N'BR-33-32802', N'Balance Readout')
,(29, 142, N'BR-33-32803', N'Balance Readout')
,(30, 135, N'BR-33-32804', N'Balance Readout')
,(31, 142, N'BR-33-32805', N'Balance Indicator')
,(32, 67, N'BR-93-00101-A', N'Balance Indicator')
,(33, 67, N'BR-93-00101-B', N'Balance Indicator')
,(34, 60, N'BR-93-00101-C', N'Balance Indicator')
,(35, 99, N'BR-93-02101', N'Balance Indicator')
,(36, 92, N'BR-93-02102', N'Balance Indicator')
,(37, 69, N'CIT-11-13503-CB', N'Conductivity Transmitter')
,(38, 69, N'CIT-11-13506-CB', N'Conductivity Transmitter')
,(39, 69, N'CIT-11-13507-CB', N'Conductivity Meter')
,(40, 69, N'CIT-11-13508-CB', N'Conductivity Meter')
,(41, 69, N'CIT-11-13509-CB', N'Conductivity Meter')
,(42, 72, N'CIT-11-13605-CB', N'Conductivity Meter')
,(43, 72, N'CIT-11-13606-CB', N'Conductivity Meter')
,(44, 72, N'CIT-11-13607-CB', N'Conductivity Meter')
,(45, 72, N'CIT-11-13608-CB', N'Conductivity Meter')
,(46, 126, N'CIT-11-30602', N'Conductivity Meter')
,(47, 126, N'CIT-19-30601', N'Conductivity Transmitter')
,(48, 44, N'DPI-19-33201', N'Differential Pressure')
,(49, 84, N'DPI-21-15101', N'Differential Pressure Digital')
,(50, 85, N'DPI-21-15203', N'Differential Pressure Digital')
,(51, 87, N'DPI-21-15403', N'Differential Pressure Digital')
,(52, 88, N'DPI-21-15501', N'Differential Pressure Digital')
,(53, 89, N'DPI-21-15603', N'Differential Pressure Digital')
,(54, 90, N'DPI-21-15703', N'Differential Pressure Digital')
,(55, 91, N'DPI-21-15803', N'Differential Pressure Digital')
,(56, 92, N'DPI-21-16001', N'Differential Pressure')
,(57, 92, N'DPI-21-16002', N'Differential Pressure Digital')
,(58, 94, N'DPI-21-16204', N'Differential Pressure Digital')
,(59, 95, N'DPI-21-16303', N'Differential Pressure Digital')
,(60, 96, N'DPI-21-16403', N'Differential Pressure Digital')
,(61, 97, N'DPI-21-16501', N'Differential Pressure Digital')
,(62, 98, N'DPI-21-16603', N'Differential Pressure Digital')
,(63, 99, N'DPI-21-16703', N'Differential Pressure Digital')
,(64, 100, N'DPI-21-16803', N'Differential Pressure Digital')
,(65, 122, N'DPI-21-30104', N'Differential Pressure Digital')
,(66, 122, N'DPI-21-30105', N'Differential Pressure Indicator')
,(67, 122, N'DPI-21-30106', N'Differential Pressure Indicator')
,(68, 122, N'DPI-21-30107', N'Differential Pressure Indicator')
,(69, 123, N'DPI-21-30203', N'Differential Pressure Digital')
,(70, 130, N'DPI-21-31001', N'Differential Pressure Digital')
,(71, 131, N'DPI-21-31101', N'Differential Pressure Digital')
,(72, 132, N'DPI-21-31201', N'Differential Pressure Digital')
,(73, 133, N'DPI-21-31301', N'Differential Pressure Digital')
,(74, 104, N'DPI-26-18501-COM', N'Differential Pressure')
,(75, 104, N'DPI-26-18502-COM', N'Differential Pressure')
,(76, 104, N'DPI-26-18504-COM', N'Differential Pressure')
,(77, 104, N'DPI-26-18505-COM', N'Differential Pressure')
,(78, 104, N'DPI-26-18506-COM', N'Differential Pressure')
,(79, 104, N'DPI-26-18507-COM', N'Differential Pressure')
,(80, 116, N'DPI-26-25101', N'Differential Pressure')
,(81, 116, N'DPI-26-25102', N'Differential Pressure')
,(82, 116, N'DPI-26-25103', N'Differential Pressure')
,(83, 116, N'DPI-26-25104', N'Differential Pressure')
,(84, 116, N'DPI-26-25105', N'Differential Pressure')
,(85, 116, N'DPI-26-25106', N'Differential Pressure')
,(86, 116, N'DPI-26-25107', N'Differential Pressure')
,(87, 116, N'DPI-26-25108', N'Differential Pressure')
,(88, 119, N'DPI-26-25701', N'Differential Pressure')
,(89, 63, N'DPI-31-11401', N'Differential Pressure')
,(90, 63, N'DPI-31-11402', N'Differential Pressure')
,(91, 63, N'DPI-31-11403', N'Differential Pressure')
,(92, 63, N'DPI-31-11404', N'Differential Pressure')
,(93, 67, N'DPI-33-13302', N'Differential Pressure')
,(94, 67, N'DPI-33-13303', N'Differential Pressure')
,(95, 67, N'DPI-33-13304-MOV', N'Differential Pressure Gauge')
,(96, 67, N'DPI-33-13305', N'Differential Pressure')
,(97, 142, N'DPI-33-32801', N'Differential Pressure Gauge')
,(98, 142, N'DPI-33-32802', N'Differential Pressure Gauge')
,(99, 142, N'DPI-33-32803', N'Differential Pressure Gauge')
,(100, 63, N'DPI-41-11405', N'Differential Pressure Gauge')
,(101, 63, N'DPI-41-11406', N'Differential Pressure Gauge')
,(102, 118, N'DPI-42-25601-BSC', N'Differential Pressure Gauge')
,(103, 75, N'DPS-24-14001', N'Differential Pressure Switch')
,(104, 75, N'DPS-24-14002', N'Differential Pressure Switch')
,(105, 75, N'DPS-24-14003', N'Differential Pressure Switch')
,(106, 75, N'DPS-24-14004', N'Differential Pressure Switch')
,(107, 8, N'DPT-13-33305', N'Differential Pressure Transmitter')
,(108, 11, N'DPT-13-33308', N'Differential Pressure Transmitter')
,(109, 5, N'DPT-13-33314', N'Differential Pressure Transmitter')
,(110, 13, N'DPT-13-33320', N'Differential Pressure Transmitter')
,(111, 14, N'DPT-13-33323', N'Differential Pressure Transmitter')
,(112, 17, N'DPT-13-33326', N'Differential Pressure Transmitter')
,(113, 23, N'DPT-13-33328', N'Differential Pressure Transmitter')
,(114, 136, N'DPT-21-31701', N'Differential Pressure Transmitter')
,(115, 137, N'DPT-21-31801', N'Differential Pressure Transmitter')
,(116, 138, N'DPT-21-31901', N'Differential Pressure Transmitter')
,(117, 139, N'DPT-21-32101', N'Differential Pressure Transmitter')
,(118, 140, N'DPT-21-32301', N'Differential Pressure Transmitter')
,(119, 141, N'DPT-21-32401', N'Differential Pressure Transmitter')
,(120, 60, N'DPT-22-11001', N'Differential Pressure Transmitter')
,(121, 60, N'DPT-22-11002', N'Differential Pressure Transmitter')
,(122, 60, N'DPT-22-11003', N'Differential Pressure Transmitter')
,(123, 60, N'DPT-22-11004', N'Differential Pressure Transmitter')
,(124, 60, N'DPT-22-11005', N'Differential Pressure Transmitter')
,(125, 60, N'DPT-22-11006', N'Differential Pressure Transmitter')
,(126, 60, N'DPT-22-11007', N'Differential Pressure Transmitter')
,(127, 60, N'DPT-22-11008', N'Differential Pressure Transmitter')
,(128, 63, N'DPT-31-11401', N'Differential Pressure Transmitter')
,(129, 63, N'DPT-31-11402', N'Differential Pressure Transmitter')
,(130, 63, N'DPT-31-11403', N'Differential Pressure Transmitter')
,(131, 117, N'DPT-42-25301', N'Differential Pressure Transmitter')
,(132, 117, N'DPT-42-25302', N'Differential Pressure Transmitter')
,(133, 39, N'ENG-INS-16010001', N'Thermometer Calibration KIT')
,(134, 37, N'ENG-INS-25DT0047', N'Digital Manometer')
,(135, 39, N'ENG-INS-58506H', N'Temperature Calibration Block HTR')
,(136, 39, N'ENG-INS-58506L', N'Temperature Calibration Block LTR')
,(137, 39, N'ENG-INS-ATM301', N'Anak Timbang')
,(138, 39, N'ENG-INS-ATM302', N'Anak Timbang')
,(139, 39, N'ENG-INS-ATM303', N'Anak Timbang')
,(140, 39, N'ENG-INS-ATM304', N'Anak Timbang')
,(141, 39, N'ENG-INS-ATM305', N'Anak Timbang')
,(142, 92, N'FM-21-16001', N'Flow Meter')
,(143, 139, N'FM-21-32101', N'Flow Meter')
,(144, 15, N'FT-13-33301', N'Air Flow Tranmitter')
,(145, 16, N'FT-13-33302', N'Air Flow Tranmitter')
,(146, 140, N'FT-21-32301', N'Air Flow Sensor')
,(147, 69, N'I/P-11-13516.1-JB', N'I/P Converter')
,(148, 69, N'I/P-11-1353.1-JB', N'I/P Converter')
,(149, 72, N'I/P-11-13610.10-CB', N'I/P Converter')
,(150, 72, N'I/P-11-13610.5-CB', N'I/P Converter')
,(151, 72, N'I/P-11-13615.15-CB', N'I/P Converter')
,(152, 72, N'I/P-11-13615.1-CB', N'I/P Converter')
,(153, 72, N'I/P-11-13620-CB', N'I/P Converter')
,(154, 144, N'PI-11-33402-BMI', N'Pressure Gauge')
,(155, 60, N'PI-21-11011', N'Vacuum  Gauge')
,(156, 60, N'PI-21-11012', N'Pressure  Gauge')
,(157, 92, N'PI-21-16002', N'Pressure Gauge')
,(158, 92, N'PI-21-16003', N'Pressure Gauge')
,(159, 130, N'PI-21-31001', N'Pressure Gauge')
,(160, 130, N'PI-21-31002', N'Pressure Gauge')
,(161, 136, N'PI-21-31702', N'Pressure Indicator')
,(162, 139, N'PI-21-32101', N'Pressure Gauge')
,(163, 139, N'PI-21-32102', N'Pressure Gauge')
,(164, 139, N'PI-21-32103', N'Pressure Gauge')
,(165, 139, N'PI-21-32104', N'Pressure Gauge')
,(166, 140, N'PI-21-32301', N'Pressure Gauge')
,(167, 140, N'PI-21-32302', N'Pressure Gauge')
,(168, 60, N'PI-22-11003', N'Pressure Indicator')
,(169, 75, N'PI-24-14005', N'Pressure Gauge')
,(170, 82, N'PI-24-14503', N'Pressure Gauge')
,(171, 82, N'PI-24-14511', N'Pressure Gauge')
,(172, 81, N'PI-25-14401-B', N'Pressure Gauge')
,(173, 81, N'PI-25-14402-B', N'Pressure Gauge')
,(174, 81, N'PI-25-14404-B', N'Pressure Gauge')
,(175, 69, N'PSL-11-1351.1-PT', N'Pressure Switch Low')
,(176, 69, N'PSL-11-13530-DMP', N'Pressure Switch Low')
,(177, 72, N'PSL-11-13609-PMS', N'Pressure Switch Low')
,(178, 72, N'PSL-11-13610-PMS', N'Pressure Switch Low')
,(179, 72, N'PSL-11-13611-PMS', N'Pressure Switch Low')
,(180, 144, N'PSL-11-33401-BMI', N'Pressure Switch Low')
,(181, 144, N'PSL-11-33402-BMI', N'Pressure Switch Low')
,(182, 65, N'PSL-23-12373-GET', N'Pressure Switch')
,(183, 65, N'PSL-23-12374-GET', N'Pressure Switch')
,(184, 119, N'PSL-26-25701-GET', N'Pressure Switch Low')
,(185, 119, N'PSL-42-25701', N'Pressure Switch Low')
,(186, 119, N'PSL-42-25702', N'Pressure Switch Low')
,(187, 72, N'PT-11-13610.1-WPU', N'Pressure Transmitter')
,(188, 72, N'PT-11-13615.1-PMS', N'Pressure Transmitter')
,(189, 72, N'PT-11-13620-PSG', N'Pressure Transmitter')
,(190, 122, N'PT-21-30101', N'Pressure For Convert to Flow Indicator')
,(191, 140, N'PT-21-32301', N'Pressure Transmitter')
,(192, 65, N'PT-23-12303-GET', N'Pressure Transmitter')
,(193, 65, N'PT-23-12304-GET', N'Pressure Transmitter')
,(194, 78, N'PT-25-14201-KRG', N'Pressure Transmitter')
,(195, 63, N'PT-31-11401', N'Pressure Transmitter')
,(196, 119, N'PT-42-25701-GET', N'Pressure Transmitter')
,(197, 72, N'R-11-13602-PMS', N'Temperature Recorder')
,(198, 78, N'R-25-14202-KRG-CH1', N'Recorder')
,(199, 78, N'R-25-14202-KRG-CH2', N'Recorder')
,(200, 78, N'R-25-14202-KRG-CH3', N'Recorder')
,(201, 91, N'RH-21-15802', N'Temperature & RH Indicator')
,(202, 56, N'RH-41-10201', N'RH Recorder')
,(203, 152, N'RH-41-21010', N'RH Recorder')
,(204, 152, N'RH-41-21011', N'RH Recorder')
,(205, 152, N'RH-41-21012', N'RH Recorder')
,(206, 152, N'RH-41-21013', N'RH Recorder')
,(207, 152, N'RH-41-21014', N'RH Recorder')
,(208, 152, N'RH-41-21015', N'RH Recorder')
,(209, 152, N'RH-41-21016', N'RH Recorder')
,(210, 152, N'RH-41-21018', N'RH Recorder')
,(211, 152, N'RH-41-21019', N'Chamber')
,(212, 117, N'RH-42-25301', N'Hygrometer')
,(213, 147, N'RH-99-5300-001', N'RH Indicator (Hygrometer)')
,(214, 147, N'RH-99-5300-002', N'RH Indicator (Hygrometer)')
,(215, 124, N'TC-11-30401', N'Temperature Controller')
,(216, 124, N'TC-11-30402', N'Temperature Controller')
,(217, 125, N'TC-11-30501-CT', N'Temperature Transmitter')
,(218, 144, N'TC-11-33401-HW', N'Temperature Controller')
,(219, 151, N'TC-19-33201', N'Temperature Control')
,(220, 140, N'TC-21-15503', N'Temperature Controller')
,(221, 90, N'TC-21-15701-DK', N'Temperature Controller')
,(222, 90, N'TC-21-15702-DK', N'Temperature Controller')
,(223, 90, N'TC-21-15703-DK', N'Temperature Controller')
,(224, 90, N'TC-21-15704-DK', N'Temperature Controller')
,(225, 92, N'TC-21-16004', N'Temperature Controller')
,(226, 98, N'TC-21-16602', N'Temperature Controller')
,(227, 100, N'TC-21-16801', N'Temperature Controller')
,(228, 131, N'TC-21-31101-UHL', N'Temperature Controller')
,(229, 131, N'TC-21-31102-UHL', N'Temperature Controller')
,(230, 131, N'TC-21-31103-UHL', N'Temperature Controller')
,(231, 60, N'TC-22-11001', N'Temperature Controller')
,(232, 60, N'TC-22-11002', N'Temperature Controller')
,(233, 60, N'TC-22-11004', N'Temperature Controller')
,(234, 106, N'TC-27-19102', N'Temperature Controller')
,(235, 112, N'TC-41-21001-INC', N'Temperature Controller')
,(236, 114, N'TC-41-21001-OVN', N'Temperature Controller')
,(237, 112, N'TC-41-21003', N'Temperature Controller')
,(238, 112, N'TC-41-21004', N'Temperature Controller')
,(239, 112, N'TC-41-21005', N'Oil Bath')
,(240, 152, N'TC-41-21010', N'Temperature Controller')
,(241, 152, N'TC-41-21011', N'Temperature Transmitter')
,(242, 152, N'TC-41-21012', N'Temperature Transmitter')
,(243, 152, N'TC-41-21013', N'Temperature Transmitter')
,(244, 152, N'TC-41-21014', N'Temperature Transmitter')
,(245, 152, N'TC-41-21015', N'Temperature Transmitter')
,(246, 152, N'TC-41-21016', N'Temperature Transmitter')
,(247, 112, N'TC-41-21017', N'Temperature Controller')
,(248, 152, N'TC-41-21018', N'Temperature Transmitter')
,(249, 152, N'TC-41-21019', N'Chamber')
,(250, 112, N'TC-41-21019-FRN', N'Temperature Controller')
,(251, 120, N'TC-41-21201-WTB', N'Temperature Controller')
,(252, 119, N'TC-41-21202-HTP', N'Temperature Controller')
,(253, 121, N'TC-42-25901-INC', N'Temperature Controller')
,(254, 121, N'TC-42-25901-OVN', N'Temperature Controller')
,(255, 121, N'TC-42-25902', N'Temperature Controller')
,(256, 121, N'TC-42-25903-FRI', N'Temperature Controller')
,(257, 66, N'TC-99-1300-001', N'Temperature Control')
,(258, 66, N'TC-99-1300-002', N'Temperature Control')
,(259, 66, N'TC-99-1300-003', N'Temperature Control')
,(260, 66, N'TC-99-1300-004', N'Temperature Control')
,(261, 92, N'THT-21-16001', N'Temperatur Humidity trasmitter')
,(262, 92, N'THT-21-16001.', N'Temperature Humidity Transmitter')
,(263, 99, N'THT-21-16701', N'Temperatur Humidity trasmitter')
,(264, 99, N'THT-21-16701.', N'Temperature Humidity Transmitter')
,(265, 67, N'THT-33-13301', N'Temperatur Humidity trasmitter')
,(266, 67, N'THT-33-13301.', N'Temperature Humidity Transmitter')
,(267, 100, N'TI/RH-21-16801', N'Temperature/Humidity Indicator')
,(268, 100, N'TI/RH-21-16801.', N'Temperature/Humidity Indicator')
,(269, 100, N'TI/RH-21-16802', N'Thermohygrometer Indicator')
,(270, 100, N'TI/RH-21-16802.', N'Thermohygrometer Indicator')
,(271, 123, N'TI/RH-21-30202', N'Temperature & RH Indicator')
,(272, 123, N'TI/RH-21-30202.', N'Temperature & RH Indicator')
,(273, 132, N'TI/RH-21-31201', N'Temperature/Humidity Indicator')
,(274, 132, N'TI/RH-21-31201.', N'Temperature/Humidity Indicator')
,(275, 75, N'TI/RH-24-14001', N'Temperature/Humidity Indicator')
,(276, 75, N'TI/RH-24-14001.', N'Temperature/Humidity Indicator')
,(277, 67, N'TI/RH-33-13302', N'Thermohygrometer Indicator')
,(278, 67, N'TI/RH-33-13302.', N'Thermohygrometer Indicator')
,(279, 142, N'TI/RH-33-32801', N'Temperature/Humidity Indicator')
,(280, 142, N'TI/RH-33-32801.', N'Temperature/Humidity Indicator')
,(281, 111, N'TI/RH-41-20901', N'Temperature Room Indicator')
,(282, 111, N'TI/RH-41-20901.', N'Humidity Room Indicator')
,(283, 113, N'TI/RH-41-21201', N'Temperature Room Indicator')
,(284, 113, N'TI/RH-41-21201.', N'Humidity Room Indicator')
,(285, 114, N'TI/RH-41-21301', N'Temperature Room Indicator')
,(286, 114, N'TI/RH-41-21301.', N'Humidity Room Indicator')
,(287, 121, N'TI/RH-42-25910', N'Temperature Room Indicator')
,(288, 121, N'TI/RH-42-25910.', N'Humidity Room Indicator')
,(289, 147, N'TI/RH-99-5300-002', N'Thermohygrometer Indicator')
,(290, 147, N'TI/RH-99-5300-002.', N'Thermohygrometer Indicator')
,(291, 72, N'TI-12-13601', N'Temperature Indicator')
,(292, 72, N'TI-12-13602', N'Temperature Indicator')
,(293, 72, N'TI-12-13603', N'Temperature Indicator')
,(294, 72, N'TI-12-13604', N'Temperature Indicator')
,(295, 72, N'TI-12-13605', N'Temperature Indicator')
,(296, 72, N'TI-12-13606', N'Temperature Indicator')
,(297, 72, N'TI-12-13607', N'Temperature Indicator')
,(298, 86, N'TI-21-15302', N'Valprobe II Logger Kaye')
,(299, 91, N'TI-21-15802', N'Temperature & RH Indicator')
,(300, 92, N'TI-21-16603', N'Temperature Indicator')
,(301, 98, N'TI-21-16604', N'Temperature Indicator')
,(302, 122, N'TI-21-30101', N'Temperature Indicator')
,(303, 122, N'TI-21-30102', N'Temperature Indicator')
,(304, 122, N'TI-21-30103', N'Temperature Indicator')
,(305, 122, N'TI-21-30104', N'Sensor Bypass Temperature Indicator')
,(306, 134, N'TI-21-31401', N'Temperature Indicator')
,(307, 139, N'TI-21-32101', N'Temperature Indicator')
,(308, 139, N'TI-21-32102', N'Temperature Indicator')
,(309, 139, N'TI-21-32103', N'Temperature Indicator')
,(310, 60, N'TI-22-11001', N'Temperature Indicator')
,(311, 60, N'TI-22-11007', N'Temperature Indicator')
,(312, 65, N'TI-23-12307-GET', N'Temperature Indicator')
,(313, 65, N'TI-23-12307-SPV-GET', N'Temperature Indicator')
,(314, 65, N'TI-23-12312-GET', N'Temperature Indicator')
,(315, 65, N'TI-23-12312-SPV-GET', N'Temperature Indicator')
,(316, 77, N'TI-24-14101', N'Temperature Indicator')
,(317, 78, N'TI-25-14201', N'Temperature Indicator')
,(318, 80, N'TI-25-14401-A', N'Temperature Indicator')
,(319, 80, N'TI-25-14402-A', N'Temperature Indicator')
,(320, 81, N'TI-25-14403-B', N'Temperature Indicator')
,(321, 81, N'TI-25-14404-B', N'Temperature Indicator')
,(322, 106, N'TI-25-19101', N'Temperature Mixing Tank 1000L')
,(323, 121, N'TI-26-25901-PRC', N'Temperature Indicator')
,(324, 121, N'TI-26-25902-PRC', N'Temperature Indicator')
,(325, 106, N'TI-27-19101', N'Temperature Indicator')
,(326, 108, N'TI-27-19302', N'Temperature Indicator')
,(327, 156, N'TI-31-10201-WH', N'Temperature Gauge')
,(328, 155, N'TI-31-18101', N'Temperature Indicator')
,(329, 27, N'TI-31-18102', N'Temperature Indicator')
,(330, 62, N'TI-32-11201', N'Temperature Indicator')
,(331, 62, N'TI-32-11202', N'Temperature Indicator')
,(332, 62, N'TI-32-11203', N'Temperature Indicator')
,(333, 62, N'TI-32-11204', N'Temperature Indicator')
,(334, 62, N'TI-32-11205', N'Temperature Indicator')
,(335, 62, N'TI-32-11206', N'Temperature Indicator')
,(336, 62, N'TI-32-11207', N'Temperature Indicator')
,(337, 62, N'TI-32-11208', N'Temperature Indicator')
,(338, 93, N'TI-39-18102-CMGS', N'Temperature Indicator')
,(339, 56, N'TI-41-10201', N'Temperature Indicator')
,(340, 102, N'TI-41-18202', N'Temperature Indicator')
,(341, 103, N'TI-41-18305', N'Temperature Indicator')
,(342, 103, N'TI-41-18306', N'Temperature Indicator')
,(343, 112, N'TI-41-21001', N'Temperature Room Indicator')
,(344, 112, N'TI-41-21011', N'Thermometer of Pycnometer')
,(345, 112, N'TI-41-21012', N'Thermometer of Pycnometer')
,(346, 112, N'TI-41-21013', N'Thermometer of Pycnometer')
,(347, 112, N'TI-41-21014', N'Thermometer of Pycnometer')
,(348, 112, N'TI-41-21401', N'Temperature Indicator')
,(349, 119, N'TI-42-21002', N'Temperature Indicator')
,(350, 115, N'TI-42-21702', N'Temperature Indicator')
,(351, 117, N'TI-42-25302', N'Temperature Transmitter')
,(352, 117, N'TI-42-25303', N'Temperature Indicator')
,(353, 118, N'TI-42-25602', N'Temperature Indicator')
,(354, 119, N'TI-42-25701-GET', N'Temperature Indicator')
,(355, 119, N'TI-42-25703', N'Temperature Indicator')
,(356, 119, N'TI-42-25705', N'Temperature Indicator')
,(357, 121, N'TI-42-25707', N'BOD Inkubator')
,(358, 119, N'TI-42-25708-WTB', N'Water Bath')
,(359, 121, N'TI-42-25903', N'Temperature Indicator')
,(360, 113, N'TI-42-25907', N'Temperature Indicator')
,(361, 112, N'TI-42-25908', N'Temperature Indicator')
,(362, 121, N'TI-42-25911', N'Temperature Indicator')
,(363, 121, N'TI-42-25912', N'Temperature Indicator')
,(364, 121, N'TI-42-25914', N'Temperature sensor')
,(365, 61, N'TI-91-018', N'Temperature Indicator')
,(366, 64, N'TI-91-019', N'Temperature Indicator')
,(367, 61, N'TI-99-1100-003', N'Temperature Indicator')
,(368, 61, N'TI-99-1100-004', N'Temperature Indicator')
,(369, 64, N'TI-99-1200-002', N'Temperature Indicator')
,(370, 66, N'TI-99-1300-005', N'Temperature Indicator')
,(371, 66, N'TI-99-1300-006', N'Temperature Indicator')
,(372, 66, N'TI-99-1300-007', N'Temperature Indicator')
,(373, 66, N'TI-99-1300-008', N'Temperature Indicator')
,(374, 76, N'TI-99-1400-003', N'Temperature Indicator')
,(375, 76, N'TI-99-1400-004', N'Temperature Indicator')
,(376, 93, N'TI-99-1600-002', N'Temperature Indicator')
,(377, 101, N'TI-99-1700-004', N'Temperature Indicator')
,(378, 101, N'TI-99-1700-005', N'Temperature Indicator')
,(379, 101, N'TI-99-1700-006', N'Temperature Indicator')
,(380, 145, N'TI-99-5100-003', N'Temperature Indicator')
,(381, 145, N'TI-99-5100-004', N'Temperature Indicator')
,(382, 83, N'TI-99-5100-005', N'Temperature Indicator')
,(383, 146, N'TI-99-5200-003', N'Temperature Indicator')
,(384, 146, N'TI-99-5200-004', N'Temperature Indicator')
,(385, 148, N'TI-99-5400-002', N'Temperature Indicator')
,(386, 149, N'TI-99-5Q001-003', N'Temperature Indicator')
,(387, 149, N'TI-99-5Q001-004', N'Temperature Indicator')
,(388, 150, N'TI-99-5Q002-003', N'Temperature Indicator')
,(389, 150, N'TI-99-5Q002-004', N'Temperature Indicator')
,(390, 38, N'TI-99-CRXU', N'Temperature Indicator')
,(391, 38, N'TI-99-CRXU-5254372', N'Thermometer Indicator Thermocouple')
,(392, 38, N'TI-99-KKTU', N'Temperature Indicator')
,(393, 38, N'TI-99-KKTU-6042937', N'Thermometer Indicator Thermocouple')
,(394, 157, N'TI-99-Truck-001', N'Temperature Indicator')
,(395, 58, N'TM-21-10801', N'Timer')
,(396, 58, N'TM-21-10802', N'Timer')
,(397, 122, N'TM-21-30101', N'Sensor Current Step Time Indicator')
,(398, 138, N'TM-21-31901', N'Timer')
,(399, 138, N'TM-21-31903', N'Timer')
,(400, 138, N'TM-21-31904', N'Timer')
,(401, 119, N'TM-26-25701', N'Timer')
,(402, 78, N'TSL-25-14201', N'Temperature Switch')
,(403, 109, N'TT-12-20301', N'Temperature Transmitter')
,(404, 110, N'TT-12-20401', N'Temperature Transmitter')
,(405, 126, N'TT-12-30601', N'Temperature Transmitter')
,(406, 127, N'TT-12-30701', N'Temperature Transmitter')
,(407, 128, N'TT-12-30801', N'Temperature Transmitter')
,(408, 129, N'TT-12-30901', N'Temperature Transmitter')
,(409, 130, N'TT-12-31001', N'Temperature Transmitter')
,(410, 91, N'TT-21-15801-UHL', N'Temperature Transmitter')
,(411, 91, N'TT-21-15802-UHL', N'Temperature Transmitter')
,(412, 91, N'TT-21-15803-UHL', N'Temperature Transmitter')
,(413, 130, N'TT-21-31001', N'Temperature Transmitter')
,(414, 130, N'TT-21-31002', N'Temperature Transmitter')
,(415, 130, N'TT-21-31003', N'Temperature Transmitter')
,(416, 130, N'TT-21-31004', N'Temperature Transmitter')
,(417, 140, N'TT-21-32301', N'Temperature Transmitter')
,(418, 140, N'TT-21-32302', N'Temperature Transmitter')
,(419, 140, N'TT-21-32303', N'Temperature Transmitter')
,(420, 60, N'TT-22-11001', N'Temperature Transmitter')
,(421, 60, N'TT-22-11002', N'Temperature Transmitter')
,(422, 60, N'TT-22-11003', N'Temperature Transmitter')
,(423, 60, N'TT-22-11004', N'Temperature Transmitter')
,(424, 60, N'TT-22-11005', N'Temperature Transmitter')
,(425, 60, N'TT-22-11006', N'Temperature Transmitter')
,(426, 60, N'TT-22-11007', N'Temperature Transmitter')
,(427, 60, N'TT-22-11008', N'Temperature Transmitter')
,(428, 60, N'TT-22-11009', N'Temperature Transmitter')
,(429, 65, N'TT-23-12303-GET', N'Temperature Transmitter')
,(430, 78, N'TT-25-14201-KRG', N'Temperature Transmitter')
,(431, 119, N'TT-26-25702-GET', N'Temperature Transmitter')
,(432, 119, N'TT-26-25703-GET', N'Temperature Transmitter')
,(433, 56, N'TT-31-10201', N'Temperatur Trasmitter')
,(434, 56, N'TT-31-10202', N'Temperatur Trasmitter')
,(435, 56, N'TT-31-10204', N'Temperatur Trasmitter')
,(436, 56, N'TT-31-10205', N'Temperatur Trasmitter')
,(437, 56, N'TT-31-10206', N'Temperatur Trasmitter')
,(438, 56, N'TT-31-10207', N'Temperatur Trasmitter')
,(439, 56, N'TT-31-10208', N'Temperature Indicator')
,(440, 117, N'TT-42-25301', N'Temperature Transmitter')
,(441, 86, N'WS-21-13701', N'Weight')
,(442, 86, N'WS-21-13702', N'Weight')
,(443, 86, N'WS-21-13703', N'Weight')
,(444, 86, N'WS-21-13704', N'Weight')
,(445, 86, N'WS-21-13705', N'Weight')
,(446, 86, N'WS-21-13706', N'Weight')
,(447, 86, N'WS-21-13707', N'Weight')
,(448, 86, N'WS-21-13708', N'Weight')
,(449, 107, N'WS-21-13709', N'Weight')
,(450, 107, N'WS-21-13710', N'Weight')
,(451, 107, N'WS-21-13711', N'Weight')
,(452, 79, N'WS-21-13712', N'Weight')
,(453, 79, N'WS-21-13713', N'Weight')
,(454, 79, N'WS-21-13714', N'Weight')
,(455, 79, N'WS-21-13715', N'Weight')
,(456, 79, N'WS-21-13716', N'Weight')
,(457, 79, N'WS-21-13717', N'Weight')
,(458, 74, N'WS-21-13718', N'Weight')
,(459, 60, N'WS-21-13719', N'Weight')
,(460, 60, N'WS-21-13720', N'Weight')
,(461, 60, N'WS-21-13721', N'Weight')
,(462, 60, N'WS-21-13722', N'Weight')
,(463, 60, N'WS-21-13723', N'Weight')
,(464, 60, N'WS-21-13724', N'Weight')
,(465, 60, N'WS-21-13725', N'Weight')
,(466, 60, N'WS-21-13726', N'Weight')
,(467, 60, N'WS-21-13727', N'Weight')
,(468, 60, N'WS-21-13728', N'Weight')
,(469, 60, N'WS-21-13729', N'Weight')
,(470, 60, N'WS-21-13730', N'Weight')
,(471, 60, N'WS-21-13731', N'Weight')
,(472, 60, N'WS-21-13732', N'Weight')
,(473, 60, N'WS-21-13733', N'Weight')
,(474, 60, N'WS-21-13734', N'Weight')
,(475, 74, N'WS-21-13736', N'Weight')
,(476, 74, N'WS-21-13737', N'Weight')
,(477, 74, N'WS-21-13738', N'Weight')
,(478, 86, N'WS-21-13739', N'Weight')
,(479, 86, N'WS-21-13740', N'Weight')
,(480, 86, N'WS-21-13741', N'Weight')
,(481, 86, N'WS-21-13742', N'Weight')
,(482, 86, N'WS-21-13743', N'Weight')
,(483, 86, N'WS-21-13744', N'Weight')
,(484, 86, N'WS-21-13745', N'Weight')
,(485, 86, N'WS-21-13746', N'Weight')
,(486, 67, N'WS-31-17701', N'Weight')
,(487, 67, N'WS-33-13307', N'Weight')
,(488, 67, N'WS-33-13308', N'Weight')
,(489, 67, N'WS-33-13309', N'Weight')
,(490, 67, N'WS-33-13310', N'Weight')
,(491, 67, N'WS-33-13311', N'Weight')
,(492, 67, N'WS-33-13313', N'Weight')
,(493, 67, N'WS-33-13319', N'Weight')
,(494, 67, N'WS-33-13322', N'Weight')
,(495, 67, N'WS-33-13323', N'Weight')
,(496, 67, N'WS-33-13325', N'Weight')
,(497, 67, N'WS-33-13326', N'Weight')
,(498, 67, N'WS-33-13327', N'Weight')
,(499, 67, N'WS-33-13328', N'Weight')
,(500, 66, N'WS-39-001', N'Anak Timbang F1')
,(501, 66, N'WS-39-002', N'Anak Timbang F1')
,(502, 66, N'WS-39-003', N'Anak Timbang M1')
,(503, 66, N'WS-39-004', N'Anak Timbang M1')
,(504, 118, N'WS-42-25701', N'Anak Timbangan')
,(505, 118, N'WS-42-25702', N'Anak Timbangan')
,(506, 118, N'WS-42-25703', N'Anak Timbangan')
,(507, 118, N'WS-42-25704', N'Anak Timbangan')
,(508, 121, N'TI-42-25915', N'Temperature Indicator')
,(509, 160, N'PI-11-33201', N'Pressure Indicator')
,(510, 160, N'PI-11-33202', N'Pressure Indicator')
,(511, 140, N'DPI-21-32301', N'Differential Pressure Indicator')
,(512, 125, N'PI-11-30501-OFA', N'Pressure Gauge')
,(513, 125, N'PI-11-30502-OFA', N'Pressure Gauge')
,(514, 125, N'PI-11-30503-OFA', N'Pressure Gauge')
,(515, 125, N'PI-11-30504-OFA', N'Pressure Gauge')
,(516, 125, N'PI-11-30505-OFA', N'Pressure Gauge')
,(517, 144, N'PI-11-33401-BMI', N'Pressure Gauge')
,(518, 144, N'PI-11-33401-HD', N'Pressure Gauge')
,(519, 144, N'PI-11-33402-HD', N'Pressure Gauge')
,(520, 144, N'PI-11-33402-TK', N'Pressure Gauge')
,(521, 144, N'PI-11-33403-BMI', N'Pressure Gauge')
,(522, 144, N'PI-11-33404-BMI', N'Pressure Gauge')
,(523, 144, N'PSL-11-33403', N'Pressure Switch Low')
,(524, 125, N'SV-11-30501-OFA', N'Safety Valve')
,(525, 125, N'SV-11-30502-OFA', N'Safety Valve')
,(526, 69, N'TC-11-1356.1-CB', N'Temperature Controller')
,(527, 69, N'TC-11-1356.2-CB', N'Temperature Controller')
,(528, 73, N'TC-23-13701', N'Temperature Controller')
,(529, 144, N'TI-11-33401-BMI', N'Temperature Indicator')
,(530, 144, N'TI-11-33401-HW', N'Temperature Indicator')
,(531, 144, N'TI-11-33402-BMI', N'Temperature Indicator')
,(532, 144, N'TI-11-33403-BMI', N'Temperature Indicator')
,(533, 144, N'TI-11-33404-BMI', N'Temperature Indicator')
,(534, 144, N'TI-11-33405-BMI', N'Temperature Indicator')
,(535, 144, N'TI-11-33406-BMI', N'Temperature Indicator')
,(536, 138, N'PI-21-31901', N'Pressure Indicator')
,(537, 140, N'PI-21-32304', N'Pressure Indicator')
,(538, 140, N'PI-21-32305', N'Pressure Indicator')
,(539, 140, N'PI-21-32306', N'Pressure Indicator')
,(540, 137, N'PI-21-31801', N'Pressure Indicator')
,(541, 141, N'PI-21-32401', N'Pressure Indicator')
,(542, 141, N'PI-21-32402', N'Pressure Indicator')
,(543, 141, N'PI-21-32403', N'Pressure Indicator')
,(544, 141, N'PI-21-32404', N'Pressure Indicator')
,(545, 141, N'PI-21-32405', N'Pressure Indicator')
,(546, 138, N'TM-21-31902', N'Timer Indicator')
,(547, 122, N'PT-21-30102', N'Pressure For Convert to Flow Indicator')
,(548, 122, N'TI-21-30105', N'Temperature Indicator')
,(549, 140, N'PI-21-32307', N'Pressure Indicator')
,(550, 138, N'PI-21-31902', N'Pressure Indicator')
,(551, 138, N'PI-21-31903', N'Pressure Indicator')
,(552, 137, N'PI-21-31802', N'Pressure Indicator')
,(553, 4, N'DPI-12-20502A-BF1', N'Differential Pressure Gauge')
,(554, 5, N'DPI-12-20502B-BF1', N'Differential Pressure Gauge')
,(555, 4, N'DPI-12-20503A-BF2', N'Differential Pressure Gauge')
,(556, 5, N'DPI-12-20503B-BF2', N'Differential Pressure Gauge')
,(557, 4, N'DPI-12-20504A-HF', N'Differential Pressure Gauge')
,(558, 5, N'DPI-12-20504B-HF', N'Differential Pressure Gauge')
,(559, 122, N'DPI-12-30101-GLT', N'Differential Pressure Gauge')
,(560, 122, N'DPI-12-30102-GLT', N'Differential Pressure Gauge')
,(561, 7, N'DPI-12-30401-AHU', N'Differential Pressure Gauge')
,(562, 7, N'DPI-12-30402-AHU', N'Differential Pressure Gauge')
,(563, 7, N'DPI-12-30403-AHU', N'Differential Pressure Gauge')
,(564, 11, N'DPI-12-30701-AHU', N'Differential Pressure Gauge')
,(565, 11, N'DPI-12-30702-AHU', N'Differential Pressure Gauge')
,(566, 11, N'DPI-12-30703-AHU', N'Differential Pressure Gauge')
,(567, 11, N'DPI-12-30901-AHU', N'Differential Pressure Gauge')
,(568, 11, N'DPI-12-30902-AHU', N'Differential Pressure Gauge')
,(569, 11, N'DPI-12-30903-AHU', N'Differential Pressure Gauge')
,(570, 11, N'DPI-12-30904-AHU', N'Differential Pressure Gauge')
,(571, 11, N'DPI-12-30905-AHU', N'Differential Pressure Gauge')
,(572, 11, N'DPI-12-30906-AHU', N'Differential Pressure Gauge')
,(573, 11, N'DPI-12-30907-AHU', N'Differential Pressure Gauge')
,(574, 11, N'DPI-12-30908-AHU', N'Differential Pressure Gauge')
,(575, 133, N'DPI-21-31301-LAF', N'Differential Pressure')
,(576, 7, N'DPT-13-33301', N'Differential Pressure Transmitter')
,(577, 7, N'DPT-13-33302', N'Differential Pressure Transmitter')
,(578, 8, N'DPT-13-33303', N'Differential Pressure Transmitter')
,(579, 8, N'DPT-13-33304', N'Differential Pressure Transmitter')
,(580, 11, N'DPT-13-33306', N'Differential Pressure Transmitter')
,(581, 11, N'DPT-13-33307', N'Differential Pressure Transmitter')
,(582, 4, N'DPT-13-33309', N'Differential Pressure Transmitter')
,(583, 4, N'DPT-13-33310', N'Differential Pressure Transmitter')
,(584, 4, N'DPT-13-33311', N'Differential Pressure Transmitter')
,(585, 5, N'DPT-13-33312', N'Differential Pressure Transmitter')
,(586, 5, N'DPT-13-33313', N'Differential Pressure Transmitter')
,(587, 21, N'DPT-13-33315', N'Differential Pressure Transmitter')
,(588, 21, N'DPT-13-33316', N'Differential Pressure Transmitter')
,(589, 12, N'DPT-13-33317', N'Differential Pressure Transmitter')
,(590, 13, N'DPT-13-33318', N'Differential Pressure Transmitter')
,(591, 13, N'DPT-13-33319', N'Differential Pressure Transmitter')
,(592, 14, N'DPT-13-33321', N'Differential Pressure Transmitter')
,(593, 14, N'DPT-13-33322', N'Differential Pressure Transmitter')
,(594, 17, N'DPT-13-33324', N'Differential Pressure Transmitter')
,(595, 17, N'DPT-13-33325', N'Differential Pressure Transmitter')
,(596, 23, N'DPT-13-33327', N'Differential Pressure Transmitter')
,(597, 69, N'PI-11-13501-DMP', N'Pressure Gauge')
,(598, 69, N'PI-11-13501-RO', N'Pressure Gauge')
,(599, 69, N'PI-11-13502-DMP', N'Pressure Gauge')
,(600, 69, N'PI-11-13502-RO', N'Pressure Gauge')
,(601, 69, N'PI-11-13503-DMP', N'Pressure Gauge')
,(602, 69, N'PI-11-13503-RO', N'Pressure Gauge')
,(603, 69, N'PI-11-13504-DMP', N'Pressure Gauge')
,(604, 69, N'PI-11-13504-RO', N'Pressure Gauge')
,(605, 69, N'PI-11-13505-DMP', N'Pressure Gauge')
,(606, 69, N'PI-11-13506-DMP', N'Pressure Gauge')
,(607, 69, N'PI-11-1351.1-PT', N'Pressure Gauge')
,(608, 69, N'PI-11-1351.2-PT', N'Pressure Gauge')
,(609, 69, N'PI-11-13516.2', N'Pressure Gauge')
,(610, 69, N'PI-11-1353.1-PT', N'Pressure Gauge')
,(611, 69, N'PI-11-1353.2-PT', N'Pressure Gauge')
,(612, 69, N'PI-11-1355.1A-DMP', N'Pressure Gauge')
,(613, 69, N'PI-11-1355.1B-DMP', N'Pressure Gauge')
,(614, 69, N'PI-11-1355.2A-DMP', N'Pressure Gauge')
,(615, 69, N'PI-11-1355.2B-DMP', N'Pressure Gauge')
,(616, 69, N'PI-11-1355.3A-DMP', N'Pressure Gauge')
,(617, 69, N'PI-11-1355.3B-DMP', N'Pressure Gauge')
,(618, 69, N'PI-11-1355.4A-DMP', N'Pressure Gauge')
,(619, 69, N'PI-11-1355.4B-DMP', N'Pressure Gauge')
,(620, 69, N'PI-11-1356.1A-DMP', N'Pressure Gauge')
,(621, 69, N'PI-11-1356.1B-DMP', N'Pressure Gauge')
,(622, 69, N'PI-11-1356.2A-DMP', N'Pressure Gauge')
,(623, 69, N'PI-11-1356.2B-DMP', N'Pressure Gauge')
,(624, 72, N'PI-11-136011-PMS', N'Pressure Gauge')
,(625, 72, N'PI-11-136020.1-PSG', N'Pressure Gauge')
,(626, 72, N'PI-11-136020-PSG', N'Pressure Gauge')
,(627, 72, N'PI-11-13609-PMS', N'Pressure Gauge')
,(628, 72, N'PI-11-13610.1-PWU', N'Pressure Gauge')
,(629, 72, N'PI-11-13610.2-PWU', N'Pressure Gauge')
,(630, 72, N'PI-11-13615.1-PWU', N'Pressure Gauge')
,(631, 72, N'PI-11-13615.2-PMS', N'Pressure Gauge')
,(632, 124, N'PI-11-30401-CH', N'Pressure Gauge')
,(633, 124, N'PI-11-30402-CH', N'Pressure Gauge')
,(634, 124, N'PI-11-30403-CH', N'Pressure Gauge')
,(635, 124, N'PI-11-30404-CH', N'Pressure Gauge')
,(636, 124, N'PI-11-30405-CH', N'Pressure Gauge')
,(637, 124, N'PI-11-30406-CH', N'Pressure Gauge')
,(638, 125, N'PI-11-30501-CH', N'Pressure Gauge')
,(639, 125, N'PI-11-30502-CH', N'Pressure Gauge')
,(640, 125, N'PI-11-30503-CH', N'Pressure Gauge')
,(641, 125, N'PI-11-30504-CH', N'Pressure Gauge')
,(642, 125, N'PI-11-30505-CH', N'Pressure Gauge')
,(643, 126, N'PI-11-30601', N'Pressure Indicator')
,(644, 126, N'PI-11-30602', N'Pressure Indicator')
,(645, 126, N'PI-11-30603', N'Pressure Indicator')
,(646, 126, N'PI-11-30604', N'Pressure Indicator')
,(647, 126, N'PI-11-30605', N'Pressure Indicator')
,(648, 126, N'PI-11-30606', N'Pressure Indicator')
,(649, 126, N'PI-11-30607', N'Pressure Indicator')
,(650, 126, N'PI-11-30608', N'Pressure Indicator')
,(651, 144, N'PI-11-33403-HD', N'Pressure Gauge')
,(652, 144, N'PI-11-33404-HD', N'Pressure Gauge')
,(653, 144, N'PI-11-33405-HD', N'Pressure Gauge')
,(654, 144, N'PI-11-33406-HD', N'Pressure Gauge')
,(655, 144, N'PI-11-33407-HD', N'Pressure Gauge')
,(656, 20, N'PI-12-20101', N'Pressure Gauge')
,(657, 20, N'PI-12-20102', N'Pressure Gauge')
,(658, 20, N'PI-12-20103', N'Pressure Gauge')
,(659, 20, N'PI-12-20104', N'Pressure Gauge')
,(660, 6, N'PI-12-20301', N'Pressure Gauge')
,(661, 6, N'PI-12-20302', N'Pressure Gauge')
,(662, 9, N'PI-12-20401', N'Pressure Gauge')
,(663, 9, N'PI-12-20402', N'Pressure Gauge')
,(664, 1, N'PI-12-30101', N'Pressure Gauge')
,(665, 1, N'PI-12-30102', N'Pressure Gauge')
,(666, 3, N'PI-12-30301', N'Pressure Gauge')
,(667, 3, N'PI-12-30302', N'Pressure Gauge')
,(668, 3, N'PI-12-30303', N'Pressure Gauge')
,(669, 3, N'PI-12-30304', N'Pressure Gauge')
,(670, 7, N'PI-12-30401', N'Pressure Gauge')
,(671, 7, N'PI-12-30402', N'Pressure Gauge')
,(672, 8, N'PI-12-30501', N'Pressure Gauge')
,(673, 8, N'PI-12-30502', N'Pressure Gauge')
,(674, 10, N'PI-12-30601', N'Pressure Gauge')
,(675, 10, N'PI-12-30602', N'Pressure Gauge')
,(676, 70, N'PI-13-40001-CHO', N'Pressure Gauge')
,(677, 70, N'PI-13-40002-CHO', N'Pressure Gauge')
,(678, 70, N'PI-13-40003-CHO', N'Pressure Gauge')
,(679, 70, N'PI-13-40004-CHO', N'Pressure Gauge')
,(680, 68, N'PI-16-30001-BC', N'Pressure Gauge')
,(681, 68, N'PI-16-30001-TC', N'Pressure Gauge')
,(682, 68, N'PI-16-30002-SC', N'Pressure Gauge')
,(683, 143, N'PI-17-13402-WT', N'Pressure Gauge')
,(684, 68, N'PI-17-13403-HWT', N'Pressure Gauge')
,(685, 143, N'PI-17-33201', N'Pressure Gauge')
,(686, 143, N'PI-17-33202', N'Pressure Gauge')
,(687, 143, N'PI-17-33203', N'Pressure Gauge')
,(688, 143, N'PI-17-33204', N'Pressure Gauge')
,(689, 143, N'PI-17-33205', N'Pressure Gauge')
,(690, 143, N'PI-17-33206', N'Pressure Gauge')
,(691, 161, N'PI-17-40001-HP', N'Pressure Gauge')
,(692, 161, N'PI-17-40001-PG', N'Pressure Gauge')
,(693, 161, N'PI-17-40002-HP', N'Pressure Gauge')
,(694, 161, N'PI-17-40002-PG', N'Pressure Gauge')
,(695, 161, N'PI-17-40003-HP', N'Pressure Gauge')
,(696, 161, N'PI-17-40003-SF', N'Pressure Gauge')
,(697, 161, N'PI-17-40004-SF', N'Pressure Gauge')
,(698, 161, N'PI-17-40005-FP', N'Pressure Gauge')
,(699, 126, N'PI-19-30601', N'Pressure Gauge')
,(700, 126, N'PI-19-30602', N'Pressure Gauge')
,(701, 126, N'PI-19-30603', N'Pressure Gauge')
,(702, 126, N'PI-19-30604', N'Pressure Gauge')
,(703, 126, N'PI-19-30605', N'Pressure Gauge')
,(704, 126, N'PI-19-30606', N'Pressure Gauge')
,(705, 126, N'PI-19-30607', N'Pressure Gauge')
,(706, 126, N'PI-19-30608', N'Pressure Gauge')
,(707, 126, N'PI-19-30609', N'Pressure Gauge')
,(708, 161, N'PI-19-33201', N'Pressure Indicator')
,(709, 161, N'PI-19-33202', N'Pressure Indicator')
,(710, 84, N'PI-21-15101', N'Pressure Gauge')
,(711, 84, N'PI-21-15102', N'Vacuum Gauge')
,(712, 87, N'PI-21-15401', N'Pressure Gauge')
,(713, 87, N'PI-21-15403', N'Pressure Gauge')
,(714, 87, N'PI-21-15404', N'Pressure Gauge')
,(715, 88, N'PI-21-15501', N'Vacuum  Gauge')
,(716, 91, N'PI-21-15801-UHL', N'Pressure Gauge')
,(717, 91, N'PI-21-15802-UHL', N'Pressure Gauge')
,(718, 91, N'PI-21-15803-UHL', N'Pressure Gauge')
,(719, 91, N'PI-21-15804-UHL', N'Pressure Gauge')
,(720, 98, N'PI-21-16601', N'Pressure Gauge')
,(721, 98, N'PI-21-16602', N'Pressure Gauge')
,(722, 98, N'PI-21-16603', N'Pressure Gauge')
,(723, 98, N'PI-21-16604', N'Pressure Gauge')
,(724, 130, N'PI-21-31003', N'Pressure Indicator')
,(725, 131, N'PI-21-31101-UHL', N'Pressure Gauge')
,(726, 131, N'PI-21-31102-UHL', N'Pressure Gauge')
,(727, 136, N'PI-21-31701', N'Pressure Indicator')
,(728, 140, N'PI-21-32303', N'Pressure Indicator')
,(729, 60, N'PI-22-11001', N'Pressure Gauge')
,(730, 60, N'PI-22-11002', N'Pressure Gauge')
,(731, 60, N'PI-22-11004', N'Pressure Indicator')
,(732, 65, N'PI-23-12301', N'Pressure Indicator')
,(733, 65, N'PI-23-12301-GET', N'Pressure Gauge')
,(734, 65, N'PI-23-12302-GET', N'Pressure Gauge')
,(735, 65, N'PI-23-12302-GNR', N'Pressure Gauge')
,(736, 65, N'PI-23-12303-GET', N'Pressure Gauge')
,(737, 65, N'PI-23-12304-GET', N'Pressure Gauge')
,(738, 65, N'PI-23-12305-GET', N'Pressure Gauge')
,(739, 78, N'PI-25-30001-KRG', N'Pressure Gauge')
,(740, 78, N'PI-25-30002-KRG', N'Pressure Gauge')
,(741, 80, N'PI-29-144A01', N'Pressure Indicator')
,(742, 119, N'PI-42-25701', N'Pressure Indicator')
,(743, 119, N'PI-42-25702', N'Pressure Indicator')
,(744, 126, N'PS-11-30601', N'Pressure Switch')
,(745, 126, N'PS-11-30602', N'Pressure Switch')
,(746, 126, N'PS-11-30603', N'Pressure Switch')
,(747, 126, N'PS-11-30604', N'Pressure Switch')
,(748, 143, N'PSL-17-33201', N'Pressure Switch Low')
,(749, 143, N'PSL-17-33202', N'Pressure Switch Low')
,(750, 143, N'PSL-17-33203', N'Pressure Switch')
,(751, 62, N'RH-32-11208', N'Humidity Indicator')
,(752, 143, N'SV-17-33201', N'Safety Valve')
,(753, 143, N'SV-17-33202', N'Safety Valve')
,(754, 7, N'THT-13-33301', N'Temperature Humidity Transmitter')
,(755, 7, N'THT-13-33301.', N'Temperature Humidity Transmitter')
,(756, 4, N'THT-13-33303', N'Temperature Humidity Transmitter')
,(757, 4, N'THT-13-33303.', N'Temperature Humidity Transmitter')
,(758, 15, N'THT-13-33304', N'Temperature Humidity Transmitter')
,(759, 5, N'THT-13-33305', N'Temperature Humidity Transmitter')
,(760, 5, N'THT-13-33305.', N'Temperature Humidity Transmitter')
,(761, 22, N'THT-13-33306', N'Temperatur Humidity trasmitter')
,(762, 22, N'THT-13-33306.', N'Temperature Humidity Transmitter')
,(763, 15, N'THT-13-33308', N'Temperature Humidity Transmitter')
,(764, 8, N'THT-13-33309', N'Temperatur Humidity trasmitter')
,(765, 8, N'THT-13-33309.', N'Temperature Humidity Transmitter')
,(766, 16, N'THT-13-33314', N'Temperature Humidity Transmitter')
,(767, 18, N'TI-11-30401-CH', N'Temperature Gauge')
,(768, 18, N'TI-11-30402-CH', N'Temperature Gauge')
,(769, 18, N'TI-11-30403-CH', N'Temperature Gauge')
,(770, 18, N'TI-11-30404-CH', N'Temperature Gauge')
,(771, 19, N'TI-11-30501-CH', N'Temperature Gauge')
,(772, 19, N'TI-11-30502-CH', N'Temperature Gauge')
,(773, 19, N'TI-11-30503-CH', N'Temperature Gauge')
,(774, 126, N'TI-11-30601', N'Temperature Indicator')
,(775, 126, N'TI-11-30602', N'Temperature Indicator')
,(776, 2, N'TI-12-20101', N'Temperature Gauge')
,(777, 2, N'TI-12-20102', N'Temperature Gauge')
,(778, 2, N'TI-12-20103', N'Temperature Gauge')
,(779, 2, N'TI-12-20104', N'Temperature Gauge')
,(780, 6, N'TI-12-20301', N'Temperature Gauge')
,(781, 6, N'TI-12-20302', N'Temperature Gauge')
,(782, 9, N'TI-12-20401', N'Temperature Gauge')
,(783, 9, N'TI-12-20402', N'Temperature Gauge')
,(784, 1, N'TI-12-30101', N'Temperature Gauge')
,(785, 1, N'TI-12-30102', N'Temperature Gauge')
,(786, 3, N'TI-12-30302', N'Temperature Gauge')
,(787, 3, N'TI-12-30303', N'Temperature Gauge')
,(788, 3, N'TI-12-30304', N'Temperature Gauge')
,(789, 7, N'TI-12-30401', N'Temperature Gauge')
,(790, 7, N'TI-12-30402', N'Temperature Gauge')
,(791, 8, N'TI-12-30501', N'Temperature Gauge')
,(792, 8, N'TI-12-30502', N'Temperature Gauge')
,(793, 10, N'TI-12-30601', N'Temperature Gauge')
,(794, 10, N'TI-12-30602', N'Temperature Gauge')
,(795, 71, N'TI-13-40001-CHO', N'Temperature Gauge')
,(796, 71, N'TI-13-40002-CHO', N'Temperature Gauge')
,(797, 71, N'TI-13-40003-CHO', N'Temperature Gauge')
,(798, 71, N'TI-13-40004-CHO', N'Temperature Gauge')
,(799, 68, N'TI-14-13401-BBL', N'Temperature Gauge')
,(800, 68, N'TI-15-13401-L', N'Temperature Gauge')
,(801, 68, N'TI-15-13402-L', N'Temperature Gauge')
,(802, 68, N'TI-15-13403-L', N'Temperature Gauge')
,(803, 68, N'TI-17-13401-HWT', N'Temperature Gauge')
,(804, 68, N'TI-17-13402-HWT', N'Temperature Gauge')
,(805, 68, N'TI-17-30001-STM', N'Temperature Gauge')
,(806, 65, N'TI-23-12301-WFI', N'Temperature Gauge')
,(807, 84, N'TM-21-15101', N'Timer')
,(808, 84, N'TM-21-15102', N'Timer')
,(809, 84, N'TM-21-15103', N'Timer')
,(810, 84, N'TM-21-15104', N'Timer')
,(811, 87, N'TM-21-15401', N'Timer')
,(812, 87, N'TM-21-15402', N'Timer')
,(813, 87, N'TM-21-15404', N'Timer')
,(814, 96, N'PI-21-16401', N'Pressure Indicator')
,(815, 59, N'PI-21-10901', N'Pressure Indicator')
,(816, 94, N'PI-21-16201', N'Pressure Indicator')
,(817, 78, N'TI-25-14202', N'Temperature Indicator')
,(818, 105, N'TI-25-19102', N'Temperature Indicator')
,(819, 159, N'AC-001', N'Dehumidifier 14-2')
,(820, 159, N'AC-002', N'Dehumidifier 9-3')
,(821, 45, N'AC-015', N'Level Control Valve')
,(822, 45, N'AC-016', N'AHU System 3')
,(823, 45, N'AC-017', N'AHU System 5')
,(824, 45, N'AC-018', N'AHU System 14 A')
,(825, 45, N'AC-019', N'AHU System 14 B')
,(826, 45, N'AC-021', N'AHU System 15')
,(827, 45, N'AC-022', N'AHU System 16')
,(828, 45, N'AC-023', N'AHU System 17')
,(829, 45, N'AC-024', N'AHU System 18')
,(830, 45, N'AC-026', N'AHU System 20')
,(831, 45, N'AC-027', N'Exhaust Fan System 4')
,(832, 45, N'AC-050', N'Fan Toilet')
,(833, 166, N'AC-052', N'AHU System 23')
,(834, 45, N'AC-055', N'AHU System 9-1')
,(835, 45, N'AC-056', N'AHU System 9-2')
,(836, 45, N'AC-058', N'AHU System 24.1')
,(837, 45, N'AC-059', N'AHU System 24.2')
,(838, 45, N'AC-060', N'Dehumidifier 24.2')
,(839, 45, N'AC-061', N'AHU System 25')
,(840, 45, N'AC-062', N'AHU System 26')
,(841, 45, N'AC-063', N'AHU System 27')
,(842, 45, N'AC-064', N'AHU System 28')
,(843, 26, N'AC-065', N'Dehumidifier 1')
,(844, 26, N'AC-066', N'Dehumidifier 2')
,(845, 167, N'AC-067', N'Dehumidifier')
,(846, 26, N'AC-068', N'Air Conditioner 1300A')
,(847, 26, N'AC-069', N'Air Conditioner 1300B')
,(848, 26, N'AC-070', N'Air Conditioner 1300C')
,(849, 26, N'AC-071', N'Air Conditioner 1300D')
,(850, 162, N'CSV-004-00', N'BMS Gandaria SCADA/BMS web View')
,(851, 33, N'U-002', N'Fuel Trans.Pump')
,(852, 33, N'U-004', N'Battery Charger')
,(853, 51, N'U-005', N'Fuel Main Tank 1')
,(854, 159, N'U-015', N'Air Compressor 1')
,(855, 159, N'U-016', N'Air Compressor 2')
,(856, 159, N'U-018-1', N'Air Dryer 1')
,(857, 159, N'U-018-2', N'Air Dryer 2')
,(858, 159, N'U-019', N'Hot Water Mixing Tank')
,(859, 159, N'U-020', N'Hot Water Pump')
,(860, 159, N'U-021', N'Hot Water Storage Tank')
,(861, 159, N'U-021-2', N'Potable Water Tank A')
,(862, 159, N'U-022', N'Submersible Pump No.2')
,(863, 159, N'U-024', N'Well W. Main Tank 50 M3')
,(864, 159, N'U-025', N'Well W. Main Tank 100 M3')
,(865, 159, N'U-026', N'Transfer Pump')
,(866, 159, N'U-027', N'Degisifier')
,(867, 159, N'U-028', N'Clorinator')
,(868, 159, N'U-029', N'Sand Filter')
,(869, 159, N'U-030', N'Daily Well Water Pump 1 (PW A)')
,(870, 159, N'U-031', N'Daily Well Water Pump 2 (PW B)')
,(871, 51, N'U-034', N'N2 Liquid Tank')
,(872, 51, N'U-035', N'N2 Filter')
,(873, 159, N'U-036', N'Demi Plant Unit')
,(874, 159, N'U-037', N'PSG Unit')
,(875, 159, N'U-038', N'Neutralizer Unit')
,(876, 51, N'U-039', N'Stand by cold water pump A')
,(877, 45, N'U-040', N'AHU sytem 21.1')
,(878, 45, N'U-041', N'AHU system 22.2')
,(879, 159, N'U-042', N'Oil Free Air ZT-37')
,(880, 159, N'U-043-1', N'Blower 1')
,(881, 159, N'U-043-2', N'Blower 2')
,(882, 159, N'U-044', N'Sand Filter Pump Waste Water 1')
,(883, 159, N'U-045', N'Carbon Filter Pump Waste Water 2')
,(884, 159, N'U-046', N'Electric Drying')
,(885, 41, N'U-047', N'Washing Machine')
,(886, 41, N'U-048', N'Draying machine')
,(887, 53, N'U-049', N'Floor Polisher')
,(888, 161, N'U-050', N'Holding Tank Air Compressor')
,(889, 159, N'U-052', N'Waste Water Pump')
,(890, 159, N'U-055', N'WPU tank and loop')
,(891, 159, N'U-056', N'WFI tank and loop')
,(892, 159, N'U-057', N'WFI production')
,(893, 51, N'U-058-1', N'Jocky pump')
,(894, 28, N'U-067', N'Lift')
,(895, 159, N'U-070', N'Fuel Main Tank 2')
,(896, 159, N'U-075', N'Trane 1 Chiller')
,(897, 159, N'U-075-2', N'Trane 2 Chiller')
,(898, 159, N'U-076', N'Cooling water pump 1')
,(899, 159, N'U-077', N'Chiller water pump 1')
,(900, 51, N'U-078', N'Water Cooler LBC 500')
,(901, 153, N'U-079', N'Hand Dryer')
,(902, 159, N'U-080', N'Tapproge CCS 1')
,(903, 159, N'U-080-2', N'Tapproge CCS 2')
,(904, 159, N'U-081', N'Reverse Osmosis Demin')
,(905, 159, N'U-082', N'Holding Tank Oil Free')
,(906, 159, N'U-083', N'Cooling water pump 2')
,(907, 159, N'U-084', N'Chiller water pump 2')
,(908, 43, N'U-085', N'Hand Dryer')
,(909, 43, N'U-086', N'Hand Dryer')
,(910, 31, N'U-087', N'Hand Dryer')
,(911, 31, N'U-088', N'Hand Dryer')
,(912, 158, N'U-089', N'Hand Dryer')
,(913, 45, N'U-090', N'Compressed Air Dryer')
,(914, 161, N'U-091', N'Holding Tank for Boiler')
,(915, 161, N'U-096', N'Miura Boiler 1')
,(916, 161, N'U-097', N'Miura Boiler 2')
,(917, 161, N'U-098', N'Reverse Osmosis Raw Water')
,(918, 161, N'U-099', N'Carbon Filter Raw Water')
,(919, 161, N'U-100', N'Dessicant Dryer')
,(920, 161, N'U-101', N'OFA Compressor Water Lubricated')
,(921, 161, N'U-102', N'Yamaha Sand & Corbon Water Filter')
,(922, 161, N'U-104', N'Water Filter 5  for Mitshui Seiki Compressor')
,(923, 36, N'U-107', N'Vacuum Cleaner Delvin')
,(924, 55, N'U-108', N'Vacuum Cleaner Krisbow')
,(925, 161, N'U-109', N'Potable Water Tank B')
,(926, 51, N'U-110', N'Water Cooling Tower LRC 250')
,(927, 161, N'U-111', N'AiCool Chiller')
,(928, 161, N'U-112', N'OFA Compressor Water Lubricated 2')
,(929, 161, N'U-113', N'Water Filter 5  for Mitshui Seiki Compressor 2')
,(930, 161, N'U-114', N'Chlorinator 2')
,(931, 33, N'U-115', N'Perkins Genset')
,(932, 154, N'HF-31-11401', N'HEPA Ceiling')
,(933, 154, N'HF-31-11402', N'HEPA Ceiling')
,(934, 154, N'HF-31-11403', N'HEPA Ceiling')
,(935, 154, N'HF-31-11404', N'HEPA Ceiling')
,(936, 154, N'HF-31-11405', N'HEPA Ceiling')
,(937, 154, N'HF-31-11406', N'HEPA Ceiling')
,(938, 154, N'HF-31-11407', N'HEPA Ceiling')
,(939, 154, N'HF-31-11408', N'HEPA Ceiling')
,(940, 154, N'HF-31-11409', N'HEPA Ceiling')
,(941, 48, N'HF-25-14301-P20', N'Laminar Air Flow')
,(942, 48, N'HF-25-14302-P20', N'Laminar Air Flow')
,(943, 48, N'HF-25-14303', N'HEPA Ceiling')
,(944, 48, N'HF-25-14304', N'HEPA Ceiling')
,(945, 54, N'HF-25-14201', N'HEPA Ceiling')
,(946, 54, N'HF-25-14202', N'HEPA Ceiling')
,(947, 40, N'HF-21605', N'Laminar Air Flow')
,(948, 46, N'HF-26-25301', N'HEPA Ceiling')
,(949, 34, N'HF-26-25401', N'HEPA Ceiling')
,(950, 24, N'HF-26-25501', N'HEPA Ceiling')
,(951, 46, N'HF-26-25601', N'HEPA Ceiling')
,(952, 164, N'HF-25-14401-A', N'HEPA Ceiling')
,(953, 49, N'HF-25-14401-B', N'HEPA Ceiling')
,(954, 49, N'HF-25-14402-B', N'HEPA Ceiling')
,(955, 168, N'HF-23-12301-P21', N'Laminar Air Flow')
,(956, 168, N'HF-23-12302-P21', N'Laminar Air Flow')
,(957, 168, N'HF-23-12303-P21', N'Laminar Air Flow')
,(958, 168, N'HF-23-12304-P21', N'Laminar Air Flow')
,(959, 168, N'HF-23-12305-P21', N'Laminar Air Flow')
,(960, 42, N'HF-23-12301-PI7', N'Laminar Air Flow')
,(961, 42, N'HF-23-12302-PI7', N'Laminar Air Flow')
,(962, 42, N'HF-23-12303-P17', N'Laminar Air Flow')
,(963, 42, N'HF-23-12304-PI7', N'Laminar Air Flow')
,(964, 34, N'HF-24-12703', N'HEPA Ceiling')
,(965, 24, N'HF-24-12803', N'HEPA Ceiling')
,(966, 30, N'HF-24-12605', N'HEPA Ceiling')
,(967, 30, N'HF-24-12606', N'HEPA Ceiling')
,(968, 163, N'HF-24-12903', N'HEPA Ceiling')
,(969, 165, N'HF-24-14014', N'HEPA Ceiling')
,(970, 165, N'HF-24-14015', N'HEPA Ceiling')
,(971, 165, N'HF-24-14016', N'HEPA Ceiling')
,(972, 165, N'HF-24-14017', N'HEPA Ceiling')
,(973, 50, N'HF-24-14108', N'HEPA Ceiling')
,(974, 50, N'HF-24-14109', N'HEPA Ceiling')
,(975, 32, N'HF-24-14503', N'HEPA Ceiling')
,(976, 50, N'HF-24-14101-PI9', N'Laminar Air Flow')
,(977, 50, N'HF-24-14102-PI9', N'Laminar Air Flow')
,(978, 50, N'HF-24-14103-PI9', N'Laminar Air Flow')
,(979, 50, N'HF-24-14104-PI9', N'Laminar Air Flow')
,(980, 165, N'HF-24-14005-PI8', N'Laminar Air Flow')
,(981, 165, N'HF-24-14006-PI8', N'Laminar Air Flow')
,(982, 165, N'HF-24-14007-PI8', N'Laminar Air Flow')
,(983, 165, N'HF-24-14008-PI8', N'Laminar Air Flow')
,(984, 165, N'HF-24-14009-P18', N'Laminar Air Flow')
,(985, 165, N'HF-24-12501-P25', N'Laminar Air Flow')
,(986, 29, N'HF-24-12502-P25', N'Laminar Air Flow')
,(987, 29, N'HF-24-12503-P25', N'Laminar Air Flow')
,(988, 29, N'HF-24-12504-P25', N'Laminar Air Flow')
,(989, 29, N'HF-24-12505-P25', N'Laminar Air Flow')
,(990, 29, N'HF-24-12506-P25', N'Laminar Air Flow')
,(991, 29, N'HF-24-12507-P25', N'Laminar Air Flow')
,(992, 29, N'HF-24-12508-P25', N'Laminar Air Flow')
,(993, 47, N'HF-24003-MOB', N'Laminar Air Flow')
,(994, 35, N'HF-42-25301', N'HEPA Ceiling')
,(995, 35, N'HF-42-25302', N'HEPA Ceiling')
,(996, 25, N'HF-42-25601-BSC', N'HEPA Ceiling')
,(997, 25, N'HF-42-25602-BSC', N'HEPA Ceiling')
SET IDENTITY_INSERT [dbo].[tag] OFF
END
GO

/** CHECK IF THERES HAS ERROR **/
IF (@@ERROR != 0) update #test set hasError=1
select * from #test
IF(select * from #test) = 0
  BEGIN
    PRINT 'COMMIT..'
    COMMIT TRANSACTION
  END
ELSE
  BEGIN
    PRINT 'ROLLBACK!'
    ROLLBACK TRANSACTION
  END
--IF (@@ERROR != 0) rollback transaction;
--SET @HAS_ERROR = @@ERROR
--PRINT @HAS_ERROR

--END
--commit transaction
drop table #test
PRINT 'DONE..'
